WAVELENGTH,QE,THROUGHPUT,PASSBAND
330.0,0.1587693989276886,6.10249990131706e-05,9.688902537163813e-06
331.0,0.1613636612892151,7.797663420205936e-05,1.2582595445564948e-05
332.0,0.16395793855190277,9.74006179603748e-05,1.5969604646670632e-05
333.0,0.16655221581459045,0.00012117028381908312,2.0181179934297688e-05
334.0,0.16914647817611694,0.00015115896530915052,2.5568006094545126e-05
335.0,0.17174075543880463,0.0001892400032375008,3.250022200518288e-05
336.0,0.17433501780033112,0.00023726419021841139,4.136345523875207e-05
337.0,0.1769292950630188,0.0002969921624753624,5.2546613005688414e-05
338.0,0.17952357232570648,0.00037016207352280617,6.645281973760575e-05
339.0,0.18211783468723297,0.0004585119604598731,8.35032042232342e-05
340.0,0.18471211194992065,0.0005637800204567611,0.000104136997833848
341.0,0.18772146105766296,0.0006896688719280064,0.00012946565402671695
342.0,0.19073082506656647,0.0008477395749650896,0.00016169006994459778
343.0,0.19374017417430878,0.001051517901942134,0.0002037212543655187
344.0,0.1967495232820511,0.00131452945061028,0.0002586330519989133
345.0,0.1997588872909546,0.0016502999933436513,0.0003296620852779597
346.0,0.2027682363986969,0.002072777133435011,0.00042029336327686906
347.0,0.2057775855064392,0.0025975974276661873,0.0005345273530110717
348.0,0.2087869495153427,0.003240819089114666,0.0006766407168470323
349.0,0.21179629862308502,0.004018500447273254,0.0008511035121046007
350.0,0.21480564773082733,0.00494669983163476,0.0010625791037455201
351.0,0.2181263267993927,0.006048175971955061,0.001319266390055418
352.0,0.22144699096679688,0.007372486405074596,0.0016326148761436343
353.0,0.22476765513420105,0.008975888602435589,0.0020174894016236067
354.0,0.22808831930160522,0.010914640501141548,0.00248950207605958
355.0,0.2314089834690094,0.013244999572634697,0.00306501192972064
356.0,0.23472966253757477,0.01602064073085785,0.0037605196703225374
357.0,0.23805032670497894,0.01928490400314331,0.004590777680277824
358.0,0.24137099087238312,0.023078547790646553,0.005570491775870323
359.0,0.2446916550397873,0.02744232676923275,0.00671490840613842
360.0,0.24801231920719147,0.03241699934005737,0.008039815351366997
361.0,0.25340840220451355,0.03804729878902435,0.009641504846513271
362.0,0.2588045001029968,0.04439384490251541,0.011489327065646648
363.0,0.2642005681991577,0.05152124539017677,0.013611942529678345
364.0,0.269596666097641,0.05949409678578377,0.01603941060602665
365.0,0.2749927341938019,0.06837700307369232,0.018803179264068604
366.0,0.28038883209228516,0.07821876555681229,0.021931668743491173
367.0,0.28578490018844604,0.08900506794452667,0.02543630450963974
368.0,0.2911809980869293,0.10070578753948212,0.02932361140847206
369.0,0.2965770959854126,0.11329080164432526,0.03359945863485336
370.0,0.3019731640815735,0.12672999501228333,0.038269057869911194
371.0,0.310482382774353,0.1410023421049118,0.04377874359488487
372.0,0.3189915716648102,0.15612313151359558,0.049801964312791824
373.0,0.3275007903575897,0.17211675643920898,0.056368373334407806
374.0,0.33601000905036926,0.18900758028030396,0.06350843608379364
375.0,0.3445192277431488,0.20681999623775482,0.0712534636259079
376.0,0.35302841663360596,0.225551038980484,0.0796259269118309
377.0,0.3615376353263855,0.24508830904960632,0.08860864490270615
378.0,0.37004685401916504,0.26529204845428467,0.09817048907279968
379.0,0.3785560429096222,0.2860225439071655,0.10827556252479553
380.0,0.38706526160240173,0.3071399927139282,0.11888322234153748
381.0,0.39575353264808655,0.32850757241249084,0.1300080269575119
382.0,0.40444180369377136,0.3499998450279236,0.1415545642375946
383.0,0.4131300747394562,0.3714943528175354,0.15347549319267273
384.0,0.421818345785141,0.3928685784339905,0.1657191812992096
385.0,0.4305066466331482,0.414000004529953,0.17822974920272827
386.0,0.439194917678833,0.4332018196582794,0.19026003777980804
387.0,0.4478831887245178,0.4501786231994629,0.2016274333000183
388.0,0.45657145977020264,0.4651200473308563,0.21236054599285126
389.0,0.46525973081588745,0.478215754032135,0.22249452769756317
390.0,0.47394800186157227,0.4896554946899414,0.23207125067710876
391.0,0.4826362729072571,0.49962884187698364,0.2411389946937561
392.0,0.4913245439529419,0.5083255767822266,0.24975283443927765
393.0,0.5000128149986267,0.5159352421760559,0.257974237203598
394.0,0.5087010860443115,0.5226476788520813,0.26587143540382385
395.0,0.5173893570899963,0.5286523699760437,0.2735190987586975
396.0,0.5260776281356812,0.5341391563415527,0.2809986472129822
397.0,0.534765899181366,0.5392976403236389,0.28839799761772156
398.0,0.5434541702270508,0.5443174839019775,0.29581159353256226
399.0,0.5521424412727356,0.5493884086608887,0.3033406436443329
400.0,0.5608307123184204,0.5547000169754028,0.3110927939414978
401.0,0.5673183798789978,0.5603994727134705,0.3179249167442322
402.0,0.5738060474395752,0.5664638876914978,0.32504040002822876
403.0,0.5802937150001526,0.5728277564048767,0.3324083387851715
404.0,0.58678138256073,0.579425573348999,0.3399961292743683
405.0,0.5932690501213074,0.5861918330192566,0.34776946902275085
406.0,0.5997567176818848,0.5930611491203308,0.35569241642951965
407.0,0.6062443852424622,0.5999679565429688,0.3637272119522095
408.0,0.6127320528030396,0.606846809387207,0.37183448672294617
409.0,0.6192197203636169,0.6136322021484375,0.3799731731414795
410.0,0.6257073879241943,0.6202586889266968,0.38810044527053833
411.0,0.632194995880127,0.6266608238220215,0.39617183804512024
412.0,0.6386826634407043,0.6327730417251587,0.4041411578655243
413.0,0.6451703310012817,0.6385322213172913,0.41196203231811523
414.0,0.6516579985618591,0.6439282298088074,0.41962099075317383
415.0,0.6581456661224365,0.6490040421485901,0.42713919281959534
416.0,0.6646333336830139,0.6538047790527344,0.43454045057296753
417.0,0.6711210012435913,0.6583757400512695,0.44184979796409607
418.0,0.6776086688041687,0.6627622246742249,0.44909343123435974
419.0,0.6840963363647461,0.6670093536376953,0.4562986493110657
420.0,0.6905840039253235,0.6711624264717102,0.46349403262138367
421.0,0.6948804259300232,0.675266683101654,0.4692296087741852
422.0,0.6991769075393677,0.6793673038482666,0.47499793767929077
423.0,0.7034733891487122,0.6835095882415771,0.4808308184146881
424.0,0.7077698111534119,0.6877387762069702,0.4867607355117798
425.0,0.7120662927627563,0.6920999884605408,0.49282106757164
426.0,0.716362714767456,0.6966258883476257,0.4990368187427521
427.0,0.7206591963768005,0.7012981176376343,0.5053969621658325
428.0,0.724955677986145,0.706085741519928,0.5118808746337891
429.0,0.7292520999908447,0.7109577655792236,0.5184674263000488
430.0,0.7335485816001892,0.7158832550048828,0.5251351594924927
431.0,0.7378450036048889,0.7208311557769775,0.5318616628646851
432.0,0.7421414852142334,0.7257704734802246,0.5386244058609009
433.0,0.7464379668235779,0.7306703329086304,0.545400083065033
434.0,0.7507343888282776,0.7354996800422668,0.5521649122238159
435.0,0.7550308704376221,0.7402275800704956,0.558894693851471
436.0,0.7593273520469666,0.7448229789733887,0.5655644536018372
437.0,0.7636237740516663,0.7492549419403076,0.572148859500885
438.0,0.7679202556610107,0.7534933090209961,0.5786227583885193
439.0,0.7722166776657104,0.7575251460075378,0.5849735736846924
440.0,0.7765131592750549,0.761354923248291,0.5912021398544312
441.0,0.7794262766838074,0.7649880051612854,0.5962517261505127
442.0,0.7823393940925598,0.7684295773506165,0.6011727452278137
443.0,0.7852524518966675,0.7716849446296692,0.6059675216674805
444.0,0.7881655693054199,0.7747593522071838,0.6106386184692383
445.0,0.7910786867141724,0.7776580452919006,0.615188717842102
446.0,0.7939918041229248,0.7803862690925598,0.6196203231811523
447.0,0.7969048619270325,0.7829493284225464,0.623936116695404
448.0,0.7998179793357849,0.7853524684906006,0.6281390190124512
449.0,0.8027310967445374,0.7876009345054626,0.6322317719459534
450.0,0.8056442141532898,0.7896999716758728,0.6362172365188599
451.0,0.8085573315620422,0.791656494140625,0.6400996446609497
452.0,0.8114703893661499,0.7934833765029907,0.6438882350921631
453.0,0.8143835067749023,0.7951952219009399,0.6475938558578491
454.0,0.8172966241836548,0.7968065142631531,0.6512272953987122
455.0,0.8202097415924072,0.7983318567276001,0.6547995805740356
456.0,0.8231227993965149,0.7997857928276062,0.6583219170570374
457.0,0.8260359168052673,0.8011828660964966,0.6618058085441589
458.0,0.8289490342140198,0.8025376200675964,0.665262758731842
459.0,0.8318621516227722,0.8038645386695862,0.6687045097351074
460.0,0.8347752094268799,0.8051782250404358,0.6721428036689758
461.0,0.8369114398956299,0.8064932227134705,0.6749634146690369
462.0,0.8390476107597351,0.8078240752220154,0.6778028607368469
463.0,0.8411837816238403,0.8091850876808167,0.680673360824585
464.0,0.8433199524879456,0.8105853199958801,0.6835827827453613
465.0,0.8454561233520508,0.8120284676551819,0.6865344643592834
466.0,0.847592294216156,0.8135181069374084,0.689531683921814
467.0,0.849728524684906,0.8150577545166016,0.6925778388977051
468.0,0.8518646955490112,0.8166509866714478,0.6956761479377747
469.0,0.8540008664131165,0.8183013200759888,0.6988300085067749
470.0,0.8561370372772217,0.8200122714042664,0.7020428776741028
471.0,0.8582732081413269,0.8217873573303223,0.7053180932998657
472.0,0.8604093790054321,0.823630154132843,0.7086591124534607
473.0,0.8625456094741821,0.8255441784858704,0.7120695114135742
474.0,0.8646817803382874,0.827532947063446,0.7155526876449585
475.0,0.8668179512023926,0.8295999765396118,0.7191121578216553
476.0,0.8689541220664978,0.831747829914093,0.722750723361969
477.0,0.871090292930603,0.8339749574661255,0.726467490196228
478.0,0.8732264637947083,0.8362787961959839,0.7302607893943787
479.0,0.8753626346588135,0.8386567234992981,0.7341287732124329
480.0,0.8774988651275635,0.8411062359809875,0.7380697727203369
481.0,0.8788993954658508,0.8436247706413269,0.7414612770080566
482.0,0.880299985408783,0.846209704875946,0.7449184060096741
483.0,0.8817005157470703,0.8488585352897644,0.7484390139579773
484.0,0.8831011056900024,0.8515686392784119,0.7520211935043335
485.0,0.8845016360282898,0.8543375730514526,0.7556629776954651
486.0,0.8859022259712219,0.8571626543998718,0.7593622803688049
487.0,0.8873027563095093,0.8600413203239441,0.7631170153617859
488.0,0.8887033462524414,0.8629708886146545,0.7669250965118408
489.0,0.8901038765907288,0.8659437298774719,0.7707798480987549
490.0,0.8915044665336609,0.8689473271369934,0.774670422077179
491.0,0.8929049968719482,0.8719691634178162,0.7785856127738953
492.0,0.8943055868148804,0.874996542930603,0.7825142741203308
493.0,0.8957061171531677,0.8780168890953064,0.7864450812339783
494.0,0.8971067070960999,0.8810175061225891,0.7903667092323303
495.0,0.8985072374343872,0.8839857578277588,0.7942675948143005
496.0,0.8999078273773193,0.8869091272354126,0.7981364727020264
497.0,0.9013083577156067,0.8897747993469238,0.8019614815711975
498.0,0.9027089476585388,0.8925703167915344,0.8057312369346619
499.0,0.9041094779968262,0.8952829241752625,0.8094337582588196
500.0,0.9055100679397583,0.8978999853134155,0.8130574822425842
501.0,0.9064173102378845,0.9004117846488953,0.8161488175392151
502.0,0.9073245525360107,0.9028196930885315,0.819150447845459
503.0,0.9082318544387817,0.9051279425621033,0.8220660090446472
504.0,0.909139096736908,0.9073408246040344,0.8248990178108215
505.0,0.9100463390350342,0.909462571144104,0.8276531100273132
506.0,0.9109535813331604,0.9114974737167358,0.8303318619728088
507.0,0.9118608832359314,0.9134497046470642,0.8329390287399292
508.0,0.9127681255340576,0.9153235554695129,0.8354781866073608
509.0,0.9136753678321838,0.9171233177185059,0.8379529714584351
510.0,0.9145826697349548,0.9188531637191772,0.8403671979904175
511.0,0.915489912033081,0.9205173850059509,0.8427243828773499
512.0,0.9163971543312073,0.9221202731132507,0.8450284004211426
513.0,0.9173044562339783,0.9236658215522766,0.8472827672958374
514.0,0.9182116985321045,0.9251541495323181,0.8494873642921448
515.0,0.9191189408302307,0.9265814423561096,0.8516385555267334
516.0,0.9200262427330017,0.9279435276985168,0.8537324070930481
517.0,0.9209334850311279,0.9292364120483398,0.8557649254798889
518.0,0.9218407273292542,0.9304560422897339,0.8577322959899902
519.0,0.9227480292320251,0.9315983057022095,0.8596305251121521
520.0,0.9236552715301514,0.9326591491699219,0.8614555597305298
521.0,0.9241254329681396,0.9336345195770264,0.8627954125404358
522.0,0.9245955944061279,0.9345203638076782,0.8640534281730652
523.0,0.9250657558441162,0.9353125691413879,0.865225613117218
524.0,0.9255359172821045,0.9360071420669556,0.8663082122802734
525.0,0.926006019115448,0.9366000294685364,0.8672972917556763
526.0,0.9264761805534363,0.9370884299278259,0.8681901097297668
527.0,0.9269463419914246,0.9374754428863525,0.8689894080162048
528.0,0.9274165034294128,0.9377652406692505,0.8696989417076111
529.0,0.9278866648674011,0.9379622936248779,0.8703227043151855
530.0,0.9283568263053894,0.9380707740783691,0.8708643913269043
531.0,0.9288269877433777,0.9380951523780823,0.8713281154632568
532.0,0.929297149181366,0.9380396008491516,0.8717175126075745
533.0,0.9297673106193542,0.9379085302352905,0.8720366954803467
534.0,0.9302374720573425,0.9377062916755676,0.8722895383834839
535.0,0.930707573890686,0.937437117099762,0.8724797964096069
536.0,0.9311777353286743,0.9371054172515869,0.8726117014884949
537.0,0.9316478967666626,0.9367154836654663,0.8726890087127686
538.0,0.9321180582046509,0.936271607875824,0.8727156519889832
539.0,0.9325882196426392,0.9357789754867554,0.8726964592933655
540.0,0.9330583810806274,0.9352432489395142,0.8726365566253662
541.0,0.9331579804420471,0.9346703290939331,0.8721950650215149
542.0,0.9332575798034668,0.9340660572052002,0.8717242479324341
543.0,0.9333571791648865,0.9334362149238586,0.8712294101715088
544.0,0.9334567785263062,0.9327865839004517,0.8707159757614136
545.0,0.9335563778877258,0.9321230053901672,0.870189368724823
546.0,0.9336559772491455,0.9314513802528381,0.8696551322937012
547.0,0.9337555766105652,0.9307774305343628,0.8691186308860779
548.0,0.9338551759719849,0.9301069974899292,0.8685852289199829
549.0,0.9339547753334045,0.9294459223747253,0.8680604696273804
550.0,0.9340543746948242,0.9287999868392944,0.8675497174263
551.0,0.9341539740562439,0.9281740784645081,0.8670575022697449
552.0,0.9342535734176636,0.9275688529014587,0.8665845394134521
553.0,0.9343531727790833,0.9269840717315674,0.866130530834198
554.0,0.9344528317451477,0.9264195561408997,0.8656953573226929
555.0,0.9345524311065674,0.9258749485015869,0.8652786612510681
556.0,0.9346520304679871,0.92535001039505,0.8648802638053894
557.0,0.9347516298294067,0.9248445630073547,0.8644999861717224
558.0,0.9348512291908264,0.9243582487106323,0.8641374707221985
559.0,0.9349508285522461,0.9238908290863037,0.8637924790382385
560.0,0.9350504279136658,0.9234420657157898,0.863464891910553
561.0,0.9349881410598755,0.9230116605758667,0.8630049824714661
562.0,0.9349258542060852,0.9225994348526001,0.8625620603561401
563.0,0.9348636269569397,0.9222050309181213,0.8621359467506409
564.0,0.9348013401031494,0.9218288064002991,0.8617268204689026
565.0,0.9347391128540039,0.9214714169502258,0.8613353967666626
566.0,0.9346768260002136,0.9211336970329285,0.8609623312950134
567.0,0.9346145391464233,0.9208162426948547,0.8606082201004028
568.0,0.9345523118972778,0.9205199480056763,0.8602740168571472
569.0,0.9344900250434875,0.9202455282211304,0.8599602580070496
570.0,0.9344277381896973,0.9199936985969543,0.8596676588058472
571.0,0.9343655109405518,0.9197652339935303,0.8593969345092773
572.0,0.9343032240867615,0.9195609092712402,0.8591487407684326
573.0,0.934240996837616,0.9193814396858215,0.8589238524436951
574.0,0.9341787099838257,0.9192275404930115,0.8587228059768677
575.0,0.9341164231300354,0.9190999865531921,0.8585463762283325
576.0,0.9340541958808899,0.9189991354942322,0.858394980430603
577.0,0.9339919090270996,0.9189236164093018,0.8582672476768494
578.0,0.9339296221733093,0.9188715219497681,0.8581613302230835
579.0,0.9338673949241638,0.9188411235809326,0.858075737953186
580.0,0.9338051080703735,0.9188305139541626,0.858008623123169
581.0,0.9332846999168396,0.9188379645347595,0.8575373888015747
582.0,0.9327643513679504,0.9188615679740906,0.8570812940597534
583.0,0.9322439432144165,0.9188995957374573,0.8566386103630066
584.0,0.9317235350608826,0.9189502000808716,0.856207549571991
585.0,0.9312031269073486,0.9190115332603455,0.8557864427566528
586.0,0.9306827187538147,0.9190818071365356,0.8553735613822937
587.0,0.9301623106002808,0.9191592335700989,0.8549672961235046
588.0,0.9296419620513916,0.9192419648170471,0.8545659184455872
589.0,0.9291215538978577,0.9193300008773804,0.8541693091392517
590.0,0.9286011457443237,0.919424831867218,0.8537789583206177
591.0,0.9280807375907898,0.9195280075073242,0.8533962368965149
592.0,0.9275603294372559,0.9196412563323975,0.8530227541923523
593.0,0.9270399808883667,0.9197661280632019,0.8526600003242493
594.0,0.9265195727348328,0.9199041724205017,0.8523092269897461
595.0,0.9259991645812988,0.9200570583343506,0.8519720435142517
596.0,0.9254787564277649,0.9202263355255127,0.8516499400138855
597.0,0.924958348274231,0.9204137325286865,0.8513443470001221
598.0,0.924437940120697,0.9206206798553467,0.851056694984436
599.0,0.9239175915718079,0.9208489060401917,0.8507884740829468
600.0,0.9233971834182739,0.9211000204086304,0.8505411744117737
601.0,0.92288738489151,0.9213742017745972,0.8503246307373047
602.0,0.9223775267601013,0.9216663837432861,0.8501243591308594
603.0,0.9218677282333374,0.9219701886177063,0.8499345779418945
604.0,0.9213579297065735,0.9222790598869324,0.8497491478919983
605.0,0.9208481311798096,0.9225865602493286,0.8495621085166931
606.0,0.9203382730484009,0.9228863716125488,0.8493676781654358
607.0,0.919828474521637,0.923171877861023,0.8491597771644592
608.0,0.919318675994873,0.9234367609024048,0.848932683467865
609.0,0.9188088774681091,0.9236745238304138,0.8486803770065308
610.0,0.9182990193367004,0.9238786697387695,0.848396897315979
611.0,0.9177892208099365,0.9240428805351257,0.848076581954956
612.0,0.9172794222831726,0.9241605997085571,0.8477135300636292
613.0,0.9167696237564087,0.9242255687713623,0.8473019003868103
614.0,0.916259765625,0.9242361187934875,0.8468403816223145
615.0,0.9157499670982361,0.9241950511932373,0.8463315963745117
616.0,0.9152401685714722,0.9241052865982056,0.8457782864570618
617.0,0.9147303700447083,0.9239698648452759,0.8451833128929138
618.0,0.9142205119132996,0.9237917065620422,0.844549298286438
619.0,0.9137107133865356,0.9235738515853882,0.8438793420791626
620.0,0.9132009148597717,0.9233192801475525,0.843176007270813
621.0,0.9122179746627808,0.9230309724807739,0.8420054316520691
622.0,0.9112350344657898,0.9227119088172913,0.8408074378967285
623.0,0.9102520942687988,0.9223650693893433,0.8395847082138062
624.0,0.9092691540718079,0.9219934344291687,0.838340163230896
625.0,0.9082862138748169,0.9215999841690063,0.8370765447616577
626.0,0.9073032736778259,0.9211867451667786,0.8357957601547241
627.0,0.906320333480835,0.9207516312599182,0.8344959020614624
628.0,0.905337393283844,0.9202916622161865,0.833174467086792
629.0,0.904354453086853,0.9198037385940552,0.8318285942077637
630.0,0.9033715128898621,0.9192848801612854,0.8304557800292969
631.0,0.9023885726928711,0.9187319874763489,0.8290532231330872
632.0,0.9014055728912354,0.9181420803070068,0.8276183605194092
633.0,0.9004226326942444,0.9175121188163757,0.8261486887931824
634.0,0.8994396924972534,0.916839063167572,0.8246414661407471
635.0,0.8984567523002625,0.9161198139190674,0.8230940103530884
636.0,0.8974738121032715,0.9153514504432678,0.8215039372444153
637.0,0.8964908719062805,0.9145308136940002,0.8198685050010681
638.0,0.8955079317092896,0.913655161857605,0.8181854486465454
639.0,0.8945249915122986,0.9127254486083984,0.8164557218551636
640.0,0.8935420513153076,0.9117467403411865,0.8146840333938599
641.0,0.8922553062438965,0.9107241630554199,0.812598466873169
642.0,0.8909686207771301,0.9096629023551941,0.8104811310768127
643.0,0.889681875705719,0.9085681438446045,0.808336615562439
644.0,0.8883951306343079,0.9074450135231018,0.8061697483062744
645.0,0.8871083855628967,0.9062986969947815,0.8039851784706116
646.0,0.8858216404914856,0.9051343202590942,0.8017875552177429
647.0,0.8845349550247192,0.9039571285247803,0.7995817065238953
648.0,0.8832482099533081,0.9027721881866455,0.7973719239234924
649.0,0.881961464881897,0.901584804058075,0.7951630353927612
650.0,0.8806747198104858,0.9003999829292297,0.7929595112800598
651.0,0.8793880343437195,0.8992221355438232,0.7907651662826538
652.0,0.8781012892723083,0.8980519771575928,0.788580596446991
653.0,0.8768145442008972,0.896889328956604,0.786405622959137
654.0,0.8755277991294861,0.8957341909408569,0.784240186214447
655.0,0.874241054058075,0.8945863842964172,0.7820841670036316
656.0,0.8729543685913086,0.8934457898139954,0.7799373865127563
657.0,0.8716676235198975,0.8923123478889465,0.7777997851371765
658.0,0.8703808784484863,0.8911858201026917,0.775671124458313
659.0,0.8690941333770752,0.8900662064552307,0.773551344871521
660.0,0.8678073883056641,0.8889533281326294,0.7714402675628662
661.0,0.8660916090011597,0.8878471255302429,0.7689569592475891
662.0,0.8643758296966553,0.886747419834137,0.7664830088615417
663.0,0.8626600503921509,0.8856542110443115,0.7640185356140137
664.0,0.8609442710876465,0.8845683932304382,0.7615640759468079
665.0,0.8592284917831421,0.8834919929504395,0.7591214776039124
666.0,0.8575127124786377,0.8824270963668823,0.7566924691200256
667.0,0.8557969331741333,0.881375789642334,0.7542787194252014
668.0,0.8540811538696289,0.880340039730072,0.7518818378448486
669.0,0.8523653745651245,0.8793219923973083,0.7495036125183105
670.0,0.8506495952606201,0.8783236742019653,0.7471456527709961
671.0,0.8489338159561157,0.8773471713066101,0.7448096871376038
672.0,0.8472180366516113,0.8763944506645203,0.7424972057342529
673.0,0.8455022573471069,0.8754676580429077,0.7402098774909973
674.0,0.8437864780426025,0.8745688199996948,0.7379493713378906
675.0,0.8420706987380981,0.8737000226974487,0.7357171773910522
676.0,0.8403549194335938,0.8728621006011963,0.7335139513015747
677.0,0.8386391401290894,0.8720515966415405,0.7313365936279297
678.0,0.836923360824585,0.8712636232376099,0.7291808724403381
679.0,0.8352075815200806,0.8704935908317566,0.7270428538322449
680.0,0.8334918022155762,0.8697366118431091,0.7249183654785156
681.0,0.8314457535743713,0.868988037109375,0.7225164175033569
682.0,0.8293997645378113,0.8682431578636169,0.7201206684112549
683.0,0.8273537158966064,0.8674972057342529,0.7177270650863647
684.0,0.8253077268600464,0.8667454123497009,0.7153316736221313
685.0,0.8232616782188416,0.8659830689430237,0.7129306793212891
686.0,0.8212156891822815,0.8652054667472839,0.710520327091217
687.0,0.8191696405410767,0.8644078373908997,0.7080966830253601
688.0,0.8171236515045166,0.8635855913162231,0.7056562304496765
689.0,0.8150776028633118,0.8627380728721619,0.7031984925270081
690.0,0.8130316138267517,0.8618685007095337,0.700726330280304
691.0,0.8109855651855469,0.860980212688446,0.6982425451278687
692.0,0.8089395761489868,0.8600766062736511,0.6957499980926514
693.0,0.806893527507782,0.8591610193252563,0.6932514905929565
694.0,0.8048475384712219,0.8582368493080139,0.6907498240470886
695.0,0.8028015494346619,0.8573074340820312,0.6882477402687073
696.0,0.800755500793457,0.8563761711120605,0.6857479214668274
697.0,0.798709511756897,0.855446457862854,0.6832532286643982
698.0,0.7966634631156921,0.8545215725898743,0.6807661056518555
699.0,0.7946174740791321,0.8536049723625183,0.6782894134521484
700.0,0.7925714254379272,0.8526999950408936,0.6758256554603577
701.0,0.7905663847923279,0.8518095016479492,0.6734119653701782
702.0,0.7885614037513733,0.8509340882301331,0.6710137724876404
703.0,0.7865563631057739,0.850074052810669,0.6686311364173889
704.0,0.7845513224601746,0.8492295145988464,0.6662641167640686
705.0,0.7825462818145752,0.8484006524085999,0.6639127731323242
706.0,0.7805413007736206,0.8475875854492188,0.6615771055221558
707.0,0.7785362601280212,0.8467904925346375,0.6592571139335632
708.0,0.7765312194824219,0.8460096120834351,0.6569528579711914
709.0,0.7745261788368225,0.8452450037002563,0.6546643972396851
710.0,0.7725211977958679,0.8444969654083252,0.652391791343689
711.0,0.7705161571502686,0.8437654972076416,0.6501349210739136
712.0,0.7685111165046692,0.8430509567260742,0.647894024848938
713.0,0.7665060758590698,0.842353343963623,0.6456689834594727
714.0,0.7645010948181152,0.8416727781295776,0.6434597373008728
715.0,0.7624960541725159,0.841009259223938,0.6412662267684937
716.0,0.7604910135269165,0.8403626680374146,0.6390882730484009
717.0,0.7584860324859619,0.8397330641746521,0.6369258165359497
718.0,0.7564809918403625,0.8391203284263611,0.6347785592079163
719.0,0.7544759511947632,0.8385244011878967,0.6326465010643005
720.0,0.7524709105491638,0.837945282459259,0.6305294632911682
721.0,0.7506558895111084,0.8373829126358032,0.6285864114761353
722.0,0.7488408088684082,0.8368372321128845,0.6266578435897827
723.0,0.7470257878303528,0.8363081812858582,0.6247437596321106
724.0,0.7452107667922974,0.8357958197593689,0.6228440403938293
725.0,0.7433956861495972,0.8353000283241272,0.6209584474563599
726.0,0.7415806651115417,0.8348212838172913,0.6190873384475708
727.0,0.7397655844688416,0.8343625068664551,0.6172326803207397
728.0,0.7379505634307861,0.8339269757270813,0.6153968572616577
729.0,0.7361355423927307,0.8335182070732117,0.6135823726654053
730.0,0.7343204617500305,0.8331394791603088,0.6117913722991943
731.0,0.7325054407119751,0.8327942490577698,0.6100262999534607
732.0,0.7306903600692749,0.8324858546257019,0.608289361000061
733.0,0.7288753390312195,0.8322176933288574,0.6065829396247864
734.0,0.7270603179931641,0.8319932222366333,0.6049092411994934
735.0,0.7252452373504639,0.8318157196044922,0.603270411491394
736.0,0.7234302163124084,0.831688642501831,0.6016687154769897
737.0,0.7216151356697083,0.8316153883934021,0.6001062393188477
738.0,0.7198001146316528,0.831599235534668,0.5985852479934692
739.0,0.7179850935935974,0.8316410779953003,0.5971059203147888
740.0,0.7161700129508972,0.8317394852638245,0.5956668853759766
741.0,0.7138939499855042,0.8318930268287659,0.5938833951950073
742.0,0.7116178870201111,0.8321000337600708,0.5921372771263123
743.0,0.709341824054718,0.8323590755462646,0.5904271006584167
744.0,0.707065761089325,0.8326686024665833,0.5887514352798462
745.0,0.7047896385192871,0.8330270648002625,0.587108850479126
746.0,0.702513575553894,0.8334329128265381,0.5854979157447815
747.0,0.700237512588501,0.8338846564292908,0.5839173197746277
748.0,0.6979614496231079,0.8343808054924011,0.5823656320571899
749.0,0.6956853866577148,0.8349197506904602,0.5808414816856384
750.0,0.6934093236923218,0.8355000019073486,0.5793434977531433
751.0,0.6911332011222839,0.8361194729804993,0.5778699517250061
752.0,0.6888571381568909,0.8367741107940674,0.5764178037643433
753.0,0.6865810751914978,0.8374592065811157,0.5749836564064026
754.0,0.6843050122261047,0.8381701707839966,0.5735640525817871
755.0,0.6820289492607117,0.8389022946357727,0.5721556544303894
756.0,0.6797528862953186,0.8396509885787964,0.5707551836967468
757.0,0.6774767637252808,0.8404115438461304,0.569359302520752
758.0,0.6752007007598877,0.8411794304847717,0.5679649114608765
759.0,0.6729246377944946,0.8419498801231384,0.5665687918663025
760.0,0.6706485748291016,0.8427183032035828,0.5651678442955017
761.0,0.6684353947639465,0.8434800505638123,0.5638118982315063
762.0,0.6662222146987915,0.8442304730415344,0.5624451041221619
763.0,0.6640090942382812,0.8449652194976807,0.561064600944519
764.0,0.6617959141731262,0.8456858396530151,0.5596714615821838
765.0,0.6595827341079712,0.8463998436927795,0.5582707524299622
766.0,0.6573696136474609,0.847115159034729,0.556867778301239
767.0,0.6551564335823059,0.8478395938873291,0.5554675459861755
768.0,0.6529432535171509,0.8485808968544006,0.5540751814842224
769.0,0.6507301330566406,0.8493468761444092,0.552695631980896
770.0,0.6485169529914856,0.8501454591751099,0.5513337254524231
771.0,0.6463037729263306,0.8509843349456787,0.5499944090843201
772.0,0.6440905928611755,0.8518714308738708,0.5486823916435242
773.0,0.6418774724006653,0.8528145551681519,0.5474024415016174
774.0,0.6396642923355103,0.8538214564323425,0.5461590886116028
775.0,0.6374511122703552,0.8549000024795532,0.5449569821357727
776.0,0.635237991809845,0.8560550808906555,0.5437986850738525
777.0,0.6330248117446899,0.8572798371315002,0.5426794290542603
778.0,0.6308116316795349,0.8585646152496338,0.541592538356781
779.0,0.6285984516143799,0.859899640083313,0.540531575679779
780.0,0.6263853311538696,0.8612751960754395,0.5394901633262634
781.0,0.6235585808753967,0.86268150806427,0.5379324555397034
782.0,0.6207318305969238,0.8641088008880615,0.5363798141479492
783.0,0.6179050803184509,0.8655474185943604,0.5348261594772339
784.0,0.615078330039978,0.8669876456260681,0.5332652926445007
785.0,0.6122515797615051,0.8684196472167969,0.531691312789917
786.0,0.6094248294830322,0.869833767414093,0.5300983190536499
787.0,0.6065980792045593,0.8712201714515686,0.5284804701805115
788.0,0.6037713289260864,0.8725695013999939,0.5268324613571167
789.0,0.6009445786476135,0.8738784193992615,0.5251525044441223
790.0,0.5981178283691406,0.8751498460769653,0.5234427452087402
791.0,0.5952910780906677,0.8763870000839233,0.5217053890228271
792.0,0.5924643278121948,0.877592921257019,0.5199425220489502
793.0,0.5896375775337219,0.8787708878517151,0.5181563496589661
794.0,0.586810827255249,0.8799241185188293,0.5163490176200867
795.0,0.5839840769767761,0.8810556530952454,0.5145224928855896
796.0,0.5811573266983032,0.882168710231781,0.5126788020133972
797.0,0.5783305764198303,0.8832665085792542,0.5108200311660767
798.0,0.5755038261413574,0.8843522071838379,0.5089480876922607
799.0,0.5726770758628845,0.8854290246963501,0.5070648789405823
800.0,0.5698503255844116,0.8865000009536743,0.5051723122596741
801.0,0.5673797130584717,0.8875677585601807,0.5035879611968994
802.0,0.564909040927887,0.8886321187019348,0.5019963383674622
803.0,0.562438428401947,0.8896922469139099,0.5003970861434937
804.0,0.5599678158760071,0.8907473683357239,0.49878984689712524
805.0,0.5574972033500671,0.8917967081069946,0.4971741735935211
806.0,0.5550265908241272,0.8928394317626953,0.49554961919784546
807.0,0.5525559782981873,0.8938747048377991,0.4939158260822296
808.0,0.5500853657722473,0.8949017524719238,0.49227234721183777
809.0,0.5476147532463074,0.8959197998046875,0.49061891436576843
810.0,0.5451441407203674,0.8969279527664185,0.488955020904541
811.0,0.5426734685897827,0.8979254364967346,0.48728030920028687
812.0,0.5402028560638428,0.8989115357398987,0.48559457063674927
813.0,0.5377322435379028,0.8998854160308838,0.4838974177837372
814.0,0.5352616310119629,0.9008482694625854,0.48218950629234314
815.0,0.532791018486023,0.9018031358718872,0.4804726243019104
816.0,0.530320405960083,0.9027531147003174,0.4787484109401703
817.0,0.5278497934341431,0.9037014245986938,0.4770186245441437
818.0,0.5253791809082031,0.9046511054039001,0.4752848446369171
819.0,0.5229085087776184,0.9056052565574646,0.47354868054389954
820.0,0.5204378962516785,0.9065670967102051,0.47181186079978943
821.0,0.5174365043640137,0.9075396656990051,0.46959415078163147
822.0,0.5144351124763489,0.9085261225700378,0.46737775206565857
823.0,0.5114337205886841,0.9095295667648315,0.46516409516334534
824.0,0.5084323287010193,0.9105531573295593,0.46295467019081116
825.0,0.5054309368133545,0.9115999937057495,0.46075084805488586
826.0,0.5024294853210449,0.9126707315444946,0.45855268836021423
827.0,0.4994281232357025,0.9137561917304993,0.4563555419445038
828.0,0.49642670154571533,0.9148446321487427,0.45415329933166504
829.0,0.49342530965805054,0.9159243702888489,0.45194026827812195
830.0,0.49042391777038574,0.9169837236404419,0.44971075654029846
831.0,0.48742252588272095,0.9180110692977905,0.44745928049087524
832.0,0.48442110419273376,0.9189946055412292,0.44518038630485535
833.0,0.48141971230506897,0.9199227690696716,0.4428689479827881
834.0,0.4784183204174042,0.9207837581634521,0.4405198097229004
835.0,0.4754169285297394,0.9215659499168396,0.4381280541419983
836.0,0.4724155068397522,0.922257661819458,0.4356888234615326
837.0,0.4694141149520874,0.9228472113609314,0.4331974983215332
838.0,0.4664127230644226,0.9233235716819763,0.43064984679222107
839.0,0.4634113311767578,0.9236916303634644,0.4280491769313812
840.0,0.46040990948677063,0.9239722490310669,0.42540597915649414
841.0,0.45767730474472046,0.9241869449615479,0.4229793846607208
842.0,0.4549447298049927,0.9243572354316711,0.4205314517021179
843.0,0.4522121250629425,0.9245045185089111,0.4180721640586853
844.0,0.44947952032089233,0.9246503710746765,0.4156114161014557
845.0,0.44674691557884216,0.924816370010376,0.4131588637828827
846.0,0.444014310836792,0.9250239133834839,0.41072386503219604
847.0,0.4412817060947418,0.9252945184707642,0.4083155393600464
848.0,0.43854910135269165,0.9256497621536255,0.4059428572654724
849.0,0.4358164966106415,0.9261110424995422,0.40361446142196655
850.0,0.4330839216709137,0.9266999959945679,0.4013388752937317
851.0,0.4303513169288635,0.9274311661720276,0.3991212248802185
852.0,0.42761871218681335,0.9282917976379395,0.3969549536705017
853.0,0.4248861074447632,0.9292622804641724,0.3948306441307068
854.0,0.422153502702713,0.9303228259086609,0.39273902773857117
855.0,0.41942089796066284,0.9314539432525635,0.3906712532043457
856.0,0.41668829321861267,0.9326358437538147,0.38861843943595886
857.0,0.4139556884765625,0.9338489174842834,0.38657206296920776
858.0,0.4112231135368347,0.9350735545158386,0.384523868560791
859.0,0.40849050879478455,0.9362900257110596,0.3824656009674072
860.0,0.4057579040527344,0.93747878074646,0.38038942217826843
861.0,0.4027784764766693,0.9386200308799744,0.37805595993995667
862.0,0.39979904890060425,0.9396942257881165,0.3756888508796692
863.0,0.3968196213245392,0.9406822919845581,0.37328118085861206
864.0,0.3938401937484741,0.9415797591209412,0.3708319664001465
865.0,0.39086076617240906,0.9423967599868774,0.3683459162712097
866.0,0.387881338596344,0.9431440234184265,0.3658279776573181
867.0,0.38490191102027893,0.9438322186470032,0.36328282952308655
868.0,0.38192248344421387,0.9444721341133118,0.3607151508331299
869.0,0.3789430260658264,0.9450744390487671,0.3581293821334839
870.0,0.37596359848976135,0.9456499218940735,0.35552993416786194
871.0,0.3729841709136963,0.9462092518806458,0.3529210686683655
872.0,0.3700047433376312,0.9467632174491882,0.3503068685531616
873.0,0.36702531576156616,0.9473224878311157,0.3476913273334503
874.0,0.3640458881855011,0.9478978514671326,0.34507831931114197
875.0,0.36106646060943604,0.9484999775886536,0.34247153997421265
876.0,0.35808703303337097,0.9491361975669861,0.33987337350845337
877.0,0.3551076054573059,0.9497998356819153,0.33728113770484924
878.0,0.35212817788124084,0.9504809379577637,0.3346911072731018
879.0,0.3491487503051758,0.9511693716049194,0.332099586725235
880.0,0.3461693227291107,0.9518551826477051,0.32950305938720703
881.0,0.3426981568336487,0.9525282979011536,0.32642969489097595
882.0,0.33922699093818665,0.9531786441802979,0.3233439326286316
883.0,0.3357558250427246,0.9537961483001709,0.32024261355400085
884.0,0.3322846591472626,0.9543708562850952,0.31712278723716736
885.0,0.32881349325180054,0.9548926949501038,0.3139815926551819
886.0,0.3253423571586609,0.9553515911102295,0.31081634759902954
887.0,0.32187119126319885,0.9557375311851501,0.30762436985969543
888.0,0.3184000253677368,0.9560409188270569,0.3044034540653229
889.0,0.3149288594722748,0.9562625288963318,0.3011546730995178
890.0,0.31145769357681274,0.9564135074615479,0.2978823482990265
891.0,0.3079865276813507,0.9565055966377258,0.2945908308029175
892.0,0.30451536178588867,0.9565503001213074,0.2912842631340027
893.0,0.30104419589042664,0.9565593600273132,0.28796663880348206
894.0,0.2975730299949646,0.9565442800521851,0.2846417725086212
895.0,0.29410186409950256,0.9565168023109436,0.28131335973739624
896.0,0.2906307280063629,0.9564885497093201,0.27798497676849365
897.0,0.2871595621109009,0.9564710855484009,0.27465981245040894
898.0,0.28368839621543884,0.956476092338562,0.2713411748409271
899.0,0.2802172303199768,0.9565151929855347,0.268032044172287
900.0,0.27674606442451477,0.95660001039505,0.26473528146743774
901.0,0.27395743131637573,0.9567388892173767,0.2621057331562042
902.0,0.2711687982082367,0.9569272398948669,0.2594888210296631
903.0,0.26838019490242004,0.9571571350097656,0.2568820118904114
904.0,0.265591561794281,0.9574205875396729,0.2542828321456909
905.0,0.26280292868614197,0.957709789276123,0.2516889274120331
906.0,0.26001429557800293,0.9580168128013611,0.2490980625152588
907.0,0.2572256922721863,0.9583337306976318,0.24650806188583374
908.0,0.25443705916404724,0.9586526155471802,0.24391674995422363
909.0,0.2516484260559082,0.958965539932251,0.24132217466831207
910.0,0.24885980784893036,0.9592646360397339,0.23872241377830505
911.0,0.24607117474079132,0.9595420360565186,0.23611563444137573
912.0,0.24328255653381348,0.9597897529602051,0.23350010812282562
913.0,0.24049392342567444,0.9600001573562622,0.2308742105960846
914.0,0.2377053052186966,0.9601719379425049,0.22823795676231384
915.0,0.23491667211055756,0.960310161113739,0.22559286653995514
916.0,0.2321280539035797,0.9604199528694153,0.22294041514396667
917.0,0.22933942079544067,0.9605066776275635,0.22028204798698425
918.0,0.22655080258846283,0.960575520992279,0.2176191508769989
919.0,0.22376218438148499,0.960631787776947,0.21495306491851807
920.0,0.22097355127334595,0.9606807827949524,0.21228504180908203
921.0,0.21845383942127228,0.9607276916503906,0.20987465977668762
922.0,0.2159341275691986,0.9607778191566467,0.20746472477912903
923.0,0.21341440081596375,0.9608364105224609,0.2050563246011734
924.0,0.21089468896389008,0.9609087109565735,0.2026505470275879
925.0,0.2083749771118164,0.9610000252723694,0.2002483606338501
926.0,0.20585526525974274,0.961114227771759,0.19785042107105255
927.0,0.20333555340766907,0.9612500071525574,0.19545629620552063
928.0,0.2008158415555954,0.9614046812057495,0.19306528568267822
929.0,0.19829611480236053,0.9615755081176758,0.19067668914794922
930.0,0.19577640295028687,0.9617598056793213,0.18828988075256348
931.0,0.1932566910982132,0.9619549512863159,0.18590423464775085
932.0,0.19073697924613953,0.9621581435203552,0.1835191398859024
933.0,0.18821726739406586,0.9623667001724243,0.18113403022289276
934.0,0.1856975555419922,0.9625779986381531,0.17874838411808014
935.0,0.18317782878875732,0.9627893567085266,0.17636166512966156
936.0,0.18065811693668365,0.9629979729652405,0.17397339642047882
937.0,0.17813840508460999,0.9632012248039246,0.1715831309556961
938.0,0.17561869323253632,0.9633964896202087,0.1691904366016388
939.0,0.17309898138046265,0.9635834097862244,0.16679531335830688
940.0,0.17057926952838898,0.9637635946273804,0.16439808905124664
941.0,0.1685253232717514,0.9639389514923096,0.16244812309741974
942.0,0.16647137701511383,0.9641112685203552,0.16049693524837494
943.0,0.16441744565963745,0.9642824530601501,0.1585448533296585
944.0,0.16236349940299988,0.964454174041748,0.15659216046333313
945.0,0.1603095531463623,0.9646283984184265,0.15463915467262268
946.0,0.15825562179088593,0.964806854724884,0.15268610417842865
947.0,0.15620167553424835,0.9649914503097534,0.15073327720165253
948.0,0.15414772927761078,0.9651839137077332,0.1487809121608734
949.0,0.1520937830209732,0.965386152267456,0.14682923257350922
950.0,0.15003985166549683,0.9656000137329102,0.14487847685813904
951.0,0.14798590540885925,0.9658265113830566,0.14292870461940765
952.0,0.14593195915222168,0.9660639762878418,0.14097960293293
953.0,0.1438780277967453,0.9663099050521851,0.13903076946735382
954.0,0.14182408154010773,0.9665618538856506,0.13708174228668213
955.0,0.13977013528347015,0.9668173789978027,0.13513219356536865
956.0,0.13771620392799377,0.9670740365982056,0.13318176567554474
957.0,0.1356622576713562,0.9673293828964233,0.13123008608818054
958.0,0.13360831141471863,0.9675808548927307,0.129276841878891
959.0,0.13155438005924225,0.9678261876106262,0.1273217797279358
960.0,0.12950043380260468,0.9680627584457397,0.1253645420074463
961.0,0.12777945399284363,0.9682881832122803,0.12372733652591705
962.0,0.12605847418308258,0.9684999585151672,0.12208762764930725
963.0,0.12433749437332153,0.9686958193778992,0.12044521421194077
964.0,0.12261651456356049,0.9688760042190552,0.11880020052194595
965.0,0.12089552730321884,0.9690435528755188,0.11715303361415863
966.0,0.1191745474934578,0.9692015051841736,0.11550415307283401
967.0,0.11745356768369675,0.9693529605865479,0.11385396122932434
968.0,0.1157325878739357,0.9695009589195251,0.11220285296440125
969.0,0.11401160806417465,0.9696485996246338,0.11055119335651398
970.0,0.1122906282544136,0.9697990417480469,0.10889934003353119
971.0,0.11056964844465256,0.9699552655220032,0.10724761337041855
972.0,0.10884866863489151,0.970120370388031,0.10559631139039993
973.0,0.10712768882513046,0.9702975153923035,0.10394573211669922
974.0,0.10540670901536942,0.9704896807670593,0.1022961214184761
975.0,0.10368572920560837,0.9707000255584717,0.10064774006605148
976.0,0.10196474939584732,0.9709306955337524,0.0990007072687149
977.0,0.10024376958608627,0.9711803793907166,0.09735478460788727
978.0,0.09852278977632523,0.9714469909667969,0.0957096666097641
979.0,0.09680180251598358,0.9717282056808472,0.09406504034996033
980.0,0.09508082270622253,0.9720218777656555,0.09242063760757446
981.0,0.09362771362066269,0.9723258018493652,0.09103664010763168
982.0,0.09217460453510284,0.9726377725601196,0.08965250104665756
983.0,0.090721495449543,0.9729556441307068,0.0882679894566536
984.0,0.08926838636398315,0.97327721118927,0.08688288927078247
985.0,0.08781527727842331,0.9736002683639526,0.08549697697162628
986.0,0.08636216819286346,0.973922610282898,0.0841100662946701
987.0,0.08490905910730362,0.9742420315742493,0.08272197097539902
988.0,0.08345595002174377,0.9745564460754395,0.08133253455162048
989.0,0.08200284093618393,0.9748647809028625,0.07994168251752853
990.0,0.08054973185062408,0.9751671552658081,0.07854945212602615
991.0,0.07909661531448364,0.9754638075828552,0.07715588808059692
992.0,0.0776435136795044,0.9757547378540039,0.07576102763414383
993.0,0.07619039714336395,0.9760403037071228,0.07436490058898926
994.0,0.07473728805780411,0.9763205647468567,0.07296755164861679
995.0,0.07328417897224426,0.9765956401824951,0.07156901061534882
996.0,0.07183106988668442,0.9768657684326172,0.07016931474208832
997.0,0.07037796080112457,0.9771311283111572,0.06876849383115768
998.0,0.06892485171556473,0.9773918390274048,0.0673665851354599
999.0,0.06747174263000488,0.9776480793952942,0.06596361845731735
1000.0,0.06601863354444504,0.9779000282287598,0.06455962359905243
1001.0,0.06480800360441208,0.9781478047370911,0.0633918046951294
1002.0,0.06359736621379852,0.9783917665481567,0.06222314015030861
1003.0,0.062386736273765564,0.9786322116851807,0.061053670942783356
1004.0,0.061176102608442307,0.9788694381713867,0.05988341569900513
1005.0,0.05996546894311905,0.9791037440299988,0.058712415397167206
1006.0,0.05875483900308609,0.9793354272842407,0.05754069611430168
1007.0,0.05754420533776283,0.979564905166626,0.05636828392744064
1008.0,0.056333575397729874,0.9797923564910889,0.05519520491361618
1009.0,0.055122941732406616,0.9800181984901428,0.05402148514986038
1010.0,0.05391230806708336,0.9802426695823669,0.05284714326262474
1011.0,0.0527016781270504,0.9804661273956299,0.051672209054231644
1012.0,0.05149104446172714,0.9806888103485107,0.05049668997526169
1013.0,0.050280410796403885,0.980911135673523,0.04932061582803726
1014.0,0.049069780856370926,0.9811330437660217,0.048143982887268066
1015.0,0.04785914719104767,0.9813544750213623,0.0469667874276638
1016.0,0.04664851352572441,0.9815751314163208,0.045789021998643875
1017.0,0.04543788358569145,0.9817949533462524,0.04461068660020828
1018.0,0.044227249920368195,0.9820137023925781,0.04343176633119583
1019.0,0.04301661625504494,0.9822311997413635,0.04225226119160652
1020.0,0.04180598631501198,0.9824472665786743,0.04107217863202095
1021.0,0.040963321924209595,0.982661783695221,0.04025309160351753
1022.0,0.04012065753340721,0.9828744530677795,0.039433568716049194
1023.0,0.03927799314260483,0.9830851554870605,0.038613613694906235
1024.0,0.038435328751802444,0.9832937717437744,0.03779321908950806
1025.0,0.03759266436100006,0.9835000038146973,0.03697238489985466
1026.0,0.03674999997019768,0.9837036728858948,0.036151111125946045
1027.0,0.035907335579395294,0.9839043617248535,0.03532938286662102
1028.0,0.03506467118859291,0.9841014742851257,0.03450719639658928
1029.0,0.034222010523080826,0.984294593334198,0.033684540539979935
1030.0,0.03337934613227844,0.9844831228256226,0.03286140412092209
1031.0,0.03253668174147606,0.9846665859222412,0.03203778341412544
1032.0,0.031694017350673676,0.9848445057868958,0.031213678419589996
1033.0,0.030851351097226143,0.9850162267684937,0.030389081686735153
1034.0,0.03000868856906891,0.9851813912391663,0.02956400066614151
1035.0,0.029166024178266525,0.9853394627571106,0.028738435357809067
1036.0,0.028323359787464142,0.9854898452758789,0.027912383899092674
1037.0,0.02748069539666176,0.9856321215629578,0.02708585560321808
1038.0,0.026638031005859375,0.9857656955718994,0.026258857920765877
1039.0,0.02579536661505699,0.9858902096748352,0.025431400164961815
1040.0,0.024952702224254608,0.9860055446624756,0.024603502824902534
1041.0,0.024503426626324654,0.9861113429069519,0.024163106456398964
1042.0,0.02405414916574955,0.9862074255943298,0.02372238039970398
1043.0,0.023604873567819595,0.986293613910675,0.023281335830688477
1044.0,0.02315559796988964,0.9863696098327637,0.022839978337287903
1045.0,0.022706322371959686,0.9864352941513062,0.022398317232728004
1046.0,0.022257044911384583,0.9864903092384338,0.02195635996758938
1047.0,0.021807769313454628,0.9865345358848572,0.02151411771774292
1048.0,0.021358493715524673,0.9865676760673523,0.021071599796414375
1049.0,0.02090921625494957,0.9865896105766296,0.02062881551682949
1050.0,0.020459940657019615,0.9865999817848206,0.02018577791750431
1051.0,0.02001066319644451,0.9865989089012146,0.01974249817430973
1052.0,0.019561387598514557,0.9865872263908386,0.019299015402793884
1053.0,0.019112110137939453,0.9865659475326538,0.01885535754263401
1054.0,0.0186628345400095,0.9865363240242004,0.018411563709378242
1055.0,0.018213557079434395,0.9864993691444397,0.01796766184270382
1056.0,0.01776428148150444,0.9864562153816223,0.017523685470223427
1057.0,0.017315005883574486,0.9864078760147095,0.017079658806324005
1058.0,0.01686573028564453,0.9863556027412415,0.016635607928037643
1059.0,0.016416452825069427,0.9863003492355347,0.016191553324460983
1060.0,0.015966393053531647,0.9862433075904846,0.015746748074889183
1061.0,0.015525203198194504,0.9861855506896973,0.015310730785131454
1062.0,0.015096545219421387,0.9861282110214233,0.014887128956615925
1063.0,0.014680078253149986,0.9860722422599792,0.014475617557764053
1064.0,0.014275438152253628,0.9860175848007202,0.01407583337277174
1065.0,0.01388226542621851,0.9859628677368164,0.01368739828467369
1066.0,0.013500199653208256,0.9859066009521484,0.013309936039149761
1067.0,0.013128885067999363,0.9858474731445312,0.012943077832460403
1068.0,0.012767955660820007,0.9857839941978455,0.012586446478962898
1069.0,0.012417059391736984,0.9857147932052612,0.012239678762853146
1070.0,0.01207583025097847,0.985638439655304,0.0119024021551013
1071.0,0.01174391433596611,0.9855535626411438,0.011574256233870983
1072.0,0.01142094936221838,0.9854586720466614,0.011254873126745224
1073.0,0.011106575839221478,0.9853523373603821,0.010943890549242496
1074.0,0.010800435207784176,0.9852333068847656,0.010640948079526424
1075.0,0.010502167046070099,0.9850999712944031,0.010345684364438057
1076.0,0.01021141279488802,0.9849514365196228,0.01005774550139904
1077.0,0.009927814826369286,0.984788179397583,0.009776794351637363
1078.0,0.009651011787354946,0.9846109747886658,0.009502491913735867
1079.0,0.009380643256008625,0.9844207763671875,0.009234500117599964
1080.0,0.00911635160446167,0.9842183589935303,0.00897248089313507
1081.0,0.00885781180113554,0.9840046763420105,0.008716127835214138
1082.0,0.008604835718870163,0.983780562877655,0.008465270511806011
1083.0,0.008357269689440727,0.9835468530654907,0.008219766430556774
1084.0,0.00811496190726757,0.9833044409751892,0.007979477755725384
1085.0,0.007877757772803307,0.9830542206764221,0.0077442629262804985
1086.0,0.0076455059461295605,0.9827970266342163,0.007513980381190777
1087.0,0.007418053224682808,0.9825336933135986,0.007288487162441015
1088.0,0.007195244077593088,0.9822651147842407,0.007067637052386999
1089.0,0.006976927164942026,0.9819919466972351,0.00685128616169095
1090.0,0.006762951146811247,0.9817145466804504,0.00663928734138608
1091.0,0.006553158164024353,0.9814333915710449,0.006431488320231438
1092.0,0.006347400136291981,0.9811488389968872,0.006227744277566671
1093.0,0.006145521067082882,0.9808613061904907,0.006027903873473406
1094.0,0.00594736821949482,0.9805712103843689,0.005831818096339703
1095.0,0.005752787925302982,0.9802790284156799,0.005639337468892336
1096.0,0.00556162977591157,0.9799850583076477,0.005450313910841942
1097.0,0.005373736843466759,0.9796897768974304,0.005264595150947571
1098.0,0.005188960116356611,0.9793935418128967,0.0050820340402424335
1099.0,0.005007142201066017,0.9790968298912048,0.0049024769105017185
1100.0,0.004828132223337889,0.9787999987602234,0.004725775681436062
